"display_name","first_name","id","last_name","party","state"
"Crapo (R-ID)","Mike","S266","Crapo","R","ID"
"Cruz (R-TX)","Ted","S355","Cruz","R","TX"
"Flake (R-AZ)","Jeff","S358","Flake","R","AZ"
"Hatch (R-UT)","Orrin","S118","Hatch","R","UT"
"Heller (R-NV)","Dean","S352","Heller","R","NV"
"Johnson (R-WI)","Ron","S345","Johnson","R","WI"
"Lee (R-UT)","Mike","S346","Lee","R","UT"
"Paul (R-KY)","Rand","S348","Paul","R","KY"
"Risch (R-ID)","James","S323","Risch","R","ID"
"Rubio (R-FL)","Marco","S350","Rubio","R","FL"
"Sanders (I-VT)","Bernie","S313","Sanders","I","VT"
"Scott (R-SC)","Timothy","S365","Scott","R","SC"
"Sessions (R-AL)","Jeff","S261","Sessions","R","AL"
"Shelby (R-AL)","Richard","S184","Shelby","R","AL"
"Toomey (R-PA)","Pat","S351","Toomey","R","PA"
"Vitter (R-LA)","David","S299","Vitter","R","LA"
"Burr (R-NC)","Richard","S300","Burr","R","NC"
"Chambliss (R-GA)","Saxby","S290","Chambliss","R","GA"
"Coats (R-IN)","Dan","S212","Coats","R","IN"
"Coburn (R-OK)","Tom","S301","Coburn","R","OK"
"Graham (R-SC)","Lindsey","S293","Graham","R","SC"
"Landrieu (D-LA)","Mary","S258","Landrieu","D","LA"
"Alexander (R-TN)","Lamar","S289","Alexander","R","TN"
"Ayotte (R-NH)","Kelly","S340","Ayotte","R","NH"
"Baldwin (D-WI)","Tammy","S354","Baldwin","D","WI"
"Barrasso (R-WY)","John","S317","Barrasso","R","WY"
"Baucus (D-MT)","Max","S127","Baucus","D","MT"
"Begich (D-AK)","Mark","S319","Begich","D","AK"
"Bennet (D-CO)","Michael","S330","Bennet","D","CO"
"Blumenthal (D-CT)","Richard","S341","Blumenthal","D","CT"
"Blunt (R-MO)","Roy","S342","Blunt","R","MO"
"Boozman (R-AR)","John","S343","Boozman","R","AR"
"Boxer (D-CA)","Barbara","S223","Boxer","D","CA"
"Brown (D-OH)","Sherrod","S307","Brown","D","OH"
"Cantwell (D-WA)","Maria","S275","Cantwell","D","WA"
"Cardin (D-MD)","Ben","S308","Cardin","D","MD"
"Carper (D-DE)","Thomas","S277","Carper","D","DE"
"Casey (D-PA)","Bob","S309","Casey","D","PA"
"Cochran (R-MS)","Thad","S136","Cochran","R","MS"
"Collins (R-ME)","Susan","S252","Collins","R","ME"
"Coons (D-DE)","Christopher","S337","Coons","D","DE"
"Corker (R-TN)","Bob","S310","Corker","R","TN"
"Cornyn (R-TX)","John","S287","Cornyn","R","TX"
"Donnelly (D-IN)","Joe","S356","Donnelly","D","IN"
"Durbin (D-IL)","Richard","S253","Durbin","D","IL"
"Enzi (R-WY)","Michael","S254","Enzi","R","WY"
"Feinstein (D-CA)","Dianne","S221","Feinstein","D","CA"
"Fischer (R-NE)","Deb","S357","Fischer","R","NE"
"Franken (D-MN)","Al","S332","Franken","D","MN"
"Gillibrand (D-NY)","Kirsten","S331","Gillibrand","D","NY"
"Grassley (R-IA)","Chuck","S153","Grassley","R","IA"
"Hagan (D-NC)","Kay","S320","Hagan","D","NC"
"Harkin (D-IA)","Tom","S172","Harkin","D","IA"
"Heinrich (D-NM)","Martin","S359","Heinrich","D","NM"
"Heitkamp (D-ND)","Heidi","S360","Heitkamp","D","ND"
"Hirono (D-HI)","Mazie","S361","Hirono","D","HI"
"Hoeven (R-ND)","John","S344","Hoeven","R","ND"
"Inhofe (R-OK)","Jim","S236","Inhofe","R","OK"
"Isakson (R-GA)","Johnny","S305","Isakson","R","GA"
"Johanns (R-NE)","Mike","S321","Johanns","R","NE"
"Johnson (D-SD)","Tim","S257","Johnson","D","SD"
"Kaine (D-VA)","Timothy","S362","Kaine","D","VA"
"Kerry (D-MA)","John","S173","Kerry","D","MA"
"King (I-ME)","Angus","S363","King","I","ME"
"Kirk (R-IL)","Mark","S339","Kirk","R","IL"
"Klobuchar (D-MN)","Amy","S311","Klobuchar","D","MN"
"Lautenberg (D-NJ)","Frank","S166","Lautenberg","D","NJ"
"Leahy (D-VT)","Patrick","S057","Leahy","D","VT"
"Levin (D-MI)","Carl","S131","Levin","D","MI"
"Manchin (D-WV)","Joe","S338","Manchin","D","WV"
"McCain (R-AZ)","John","S197","McCain","R","AZ"
"McCaskill (D-MO)","Claire","S312","McCaskill","D","MO"
"McConnell (R-KY)","Mitch","S174","McConnell","R","KY"
"Menendez (D-NJ)","Robert","S306","Menendez","D","NJ"
"Merkley (D-OR)","Jeff","S322","Merkley","D","OR"
"Mikulski (D-MD)","Barbara","S182","Mikulski","D","MD"
"Moran (R-KS)","Jerry","S347","Moran","R","KS"
"Murkowski (R-AK)","Lisa","S288","Murkowski","R","AK"
"Murphy (D-CT)","Christopher","S364","Murphy","D","CT"
"Murray (D-WA)","Patty","S229","Murray","D","WA"
"Nelson (D-FL)","Bill","S282","Nelson","D","FL"
"Portman (R-OH)","Rob","S349","Portman","R","OH"
"Pryor (D-AR)","Mark","S295","Pryor","D","AR"
"Reed (D-RI)","John","S259","Reed","D","RI"
"Reid (D-NV)","Harry","S198","Reid","D","NV"
"Roberts (R-KS)","Pat","S260","Roberts","R","KS"
"Rockefeller (D-WV)","Jay","S176","Rockefeller","D","WV"
"Schatz (D-HI)","Brian","S353","Schatz","D","HI"
"Schumer (D-NY)","Charles","S270","Schumer","D","NY"
"Shaheen (D-NH)","Jeanne","S324","Shaheen","D","NH"
"Stabenow (D-MI)","Debbie","S284","Stabenow","D","MI"
"Tester (D-MT)","Jon","S314","Tester","D","MT"
"Thune (R-SD)","John","S303","Thune","R","SD"
"Udall (D-CO)","Mark","S325","Udall","D","CO"
"Udall (D-NM)","Tom","S326","Udall","D","NM"
"Warner (D-VA)","Mark","S327","Warner","D","VA"
"Warren (D-MA)","Elizabeth","S366","Warren","D","MA"
"Whitehouse (D-RI)","Sheldon","S316","Whitehouse","D","RI"
"Wicker (R-MS)","Roger","S318","Wicker","R","MS"
"Wyden (D-OR)","Ron","S247","Wyden","D","OR"
"Cowan (D-MA)","William ""Mo""","S367","Cowan","D","MA"
"Chiesa (R-NJ)","Jeffrey","S368","Chiesa","R","NJ"
"Markey (D-MA)","Edward","S369","Markey","D","MA"
"Booker (D-NJ)","Cory","S370","Booker","D","NJ"
